{"$type":"Unity.Services.Core.Configuration.SerializableProjectConfiguration, Unity.Services.Core.Configuration","Keys":{"$type":"System.String[], mscorlib","$values":["com.unity.services.core.cloud-environment","com.unity.services.core.version"]},"Values":{"$type":"Unity.Services.Core.Configuration.ConfigurationEntry[], Unity.Services.Core.Configuration","$values":[{"$type":"Unity.Services.Core.Configuration.ConfigurationEntry, Unity.Services.Core.Configuration","m_Value":"production","m_IsReadOnly":true},{"$type":"Unity.Services.Core.Configuration.ConfigurationEntry, Unity.Services.Core.Configuration","m_Value":"1.4.2","m_IsReadOnly":true}]}}